ip,date,login,mdp
::1,"14-01-24 09:53:33",eeeeee,ttttt
::1,"14-01-24 10:07:07",eee,rzerze
::1,"14-01-24 10:07:11",rezrez,rtzetr
::1,"14-01-24 10:07:14",erzefze,erztrz
::1,"14-01-24 10:07:21",res,edf
::1,"15-01-24 02:20:32",tech,adf
127.0.0.1,"25-03-24 09:30:24",admin,admin
127.0.0.1,"25-03-24 09:37:53",admin,admin
127.0.0.1,"25-03-24 09:38:30",mooi,mooi
127.0.0.1,"25-03-24 09:58:54",admin1,admin1
127.0.0.1,"25-03-24 10:18:04",res,res
127.0.0.1,"25-03-24 10:18:14",res,edf
127.0.0.1,"25-03-24 10:18:22",res,efd
127.0.0.1,"26-03-24 11:38:43",moi,trtr
127.0.0.1,"26-03-24 11:38:59",mooi,mooi
127.0.0.1,"26-03-24 02:58:29",tech,efd
127.0.0.1,"26-03-24 06:54:58",admin1,admi
127.0.0.1,"26-03-24 06:55:10",admin1,admin1
